{"high dens": {"max_gauss": 3.8691458877376474, "parameters": [0.052734916395234796, 3.7545152237755075, 0.15112259788245075], "covariance": [[1.1623785704741458e-07, -3.6096307532878786e-08, -1.1318126386035754e-06], [-3.6096307532878786e-08, 3.0850173972694306e-06, 1.0968235153563392e-06], [-1.1318126386035754e-06, 1.0968235153563392e-06, 2.1383872223529027e-05]], "min_gauss": 3.6398845598133676}, "low dens": {"max_gauss": 0.458823495819686, "parameters": [0.10308071894898758, 0.4086590093392012, 0.06613402781016765], "covariance": [[2.555087470087825e-07, 1.2693396774834132e-08, -5.500731241768164e-07], [1.2693396774834132e-08, 3.0708488450921604e-07, -7.722675693522413e-08], [-5.500731241768164e-07, -7.722675693522413e-08, 2.208694217484343e-06]], "min_gauss": 0.35849452285871636}}