{"low dens": {"parameters": [0.10308071894898758, 0.4086590093392012, 0.06613402781016765], "covariance": [[2.5550874700878246e-07, 1.2693396774834023e-08, -5.500731241768163e-07], [1.2693396774834018e-08, 3.070848845092161e-07, -7.72267569352238e-08], [-5.500731241768163e-07, -7.72267569352238e-08, 2.208694217484343e-06]], "min_gauss": 0.35849452285871636, "max_gauss": 0.458823495819686}, "high dens": {"parameters": [0.052734916395234796, 3.7545152237755075, 0.15112259788245075], "covariance": [[1.1623785704741461e-07, -3.609630753287863e-08, -1.131812638603576e-06], [-3.6096307532878634e-08, 3.08501739726943e-06, 1.0968235153563371e-06], [-1.131812638603576e-06, 1.096823515356337e-06, 2.138387222352904e-05]], "min_gauss": 3.6398845598133676, "max_gauss": 3.8691458877376474}}