{"low dens": {"parameters": [0.09963412947059666, 0.4265846497704718, 0.08646144670345852], "covariance": [[1.216781772920225e-06, 1.2572581449065266e-07, -3.0031937523934194e-06], [1.2572581449065266e-07, 2.5177963159100875e-06, -9.484119140927497e-07], [-3.0031937523934194e-06, -9.484119140927497e-07, 1.4460444200170968e-05]], "min_gauss": 0.3610012546884628, "max_gauss": 0.4921680448524808}, "high dens": {"parameters": [0.053598212114199205, 3.7635384991941088, 0.15848847421875642], "covariance": [[6.018730342851163e-08, -1.3184513724104982e-08, -5.607690802103184e-07], [-1.3184513724104985e-08, 1.5858462645108566e-06, 3.849855745084443e-07], [-5.607690802103184e-07, 3.849855745084442e-07, 1.0193012556870981e-05]], "min_gauss": 3.6433206146115933, "max_gauss": 3.8837563837766242}}