{"low dens": {"parameters": [0.03659750896948897, 0.86292291676912, 0.2023777692187635], "covariance": [[1.7624901183774697e-07, 1.594286341779736e-07, -4.171613906514965e-06], [1.5942863417797357e-07, 2.1700699987020955e-05, -1.1800468015890322e-05], [-4.171613906514965e-06, -1.1800468015890322e-05, 0.00018969083001156982]], "min_gauss": 0.7094137898629783, "max_gauss": 1.0164320436752616}, "high dens": {"parameters": [0.047232548746677774, 3.103708110632855, 0.17568653275695845], "covariance": [[8.535547003382777e-08, -1.9742944865490836e-08, -9.072418921291243e-07], [-1.974294486549084e-08, 3.2950960238102684e-06, 6.646729460439545e-07], [-9.072418921291243e-07, 6.646729460439544e-07, 1.901764589775005e-05]], "min_gauss": 2.9704450236999445, "max_gauss": 3.2369711975657656}}