{"high dens": {"max_gauss": 3.260610141335142, "parameters": [0.04395254252296325, 3.0967046906184956, 0.21608369578645684], "covariance": [[1.4600648653943876e-07, -8.801017781333095e-08, -2.6475218551768192e-06], [-8.801017781333095e-08, 1.2376034788613286e-05, 5.022439480388673e-06], [-2.647521855176819e-06, 5.022439480388673e-06, 9.303832948420817e-05]], "min_gauss": 2.932799239901849}, "low dens": {"max_gauss": 0.9232325047336475, "parameters": [0.044533607081619374, 0.786873309080997, 0.17976826775596916], "covariance": [[1.9338048447955092e-07, 2.4124124922045053e-07, -3.090565404392988e-06], [2.4124124922045053e-07, 1.3339147745463403e-05, -1.264475583155573e-05], [-3.090565404392988e-06, -1.264475583155573e-05, 9.829649136424207e-05]], "min_gauss": 0.6505141134283464}}