{"low dens": {"parameters": [0.0940083520055568, 0.4490481637164667, 0.10952210252958287], "covariance": [[3.2691473838518833e-06, 1.673427515503705e-07, -1.6960756389120046e-05], [1.673427515503705e-07, 1.712859625727392e-05, -2.55633529878627e-06], [-1.6960756389120046e-05, -2.5563352987862697e-06, 0.00016415988629716707]], "min_gauss": 0.3659726243371028, "max_gauss": 0.5321237030958306}, "high dens": {"parameters": [0.053129457880843146, 3.7830919391634925, 0.15322357783061138], "covariance": [[2.5653261442973143e-08, -4.603234372775457e-09, -2.1896457868363223e-07], [-4.603234372775457e-09, 6.095994412170079e-07, 1.2349957522031862e-07], [-2.1896457868363225e-07, 1.2349957522031862e-07, 3.665501891372031e-06]], "min_gauss": 3.666867623889089, "max_gauss": 3.899316254437896}}