{"high dens": {"max_gauss": 3.899316254437896, "parameters": [0.053129457880843146, 3.7830919391634925, 0.15322357783061138], "covariance": [[2.5653261442973143e-08, -4.603234372775457e-09, -2.1896457868363225e-07], [-4.603234372775457e-09, 6.095994412170079e-07, 1.2349957522031862e-07], [-2.1896457868363225e-07, 1.2349957522031862e-07, 3.6655018913720305e-06]], "min_gauss": 3.666867623889089}, "low dens": {"max_gauss": 0.5321237030958306, "parameters": [0.0940083520055568, 0.44904816371646666, 0.10952210252958287], "covariance": [[3.269147383851882e-06, 1.6734275155038212e-07, -1.696075638912003e-05], [1.6734275155038217e-07, 1.7128596257273935e-05, -2.556335298786422e-06], [-1.696075638912003e-05, -2.5563352987864213e-06, 0.00016415988629716696]], "min_gauss": 0.36597262433710276}}