{"high dens": {"max_gauss": 3.908330498722737, "parameters": [0.04913219126218123, 3.7752637221471694, 0.17542772826113923], "covariance": [[2.7091225809000156e-07, -1.0031942148060884e-07, -3.165370343761899e-06], [-1.003194214806088e-07, 1.0869075126876017e-05, 3.6899743231763344e-06], [-3.165370343761899e-06, 3.6899743231763344e-06, 7.216961209969452e-05]], "min_gauss": 3.6421969455716017}, "low dens": {"max_gauss": 0.49670929150385246, "parameters": [0.09138659746193914, 0.42761693693648334, 0.0910874608515317], "covariance": [[8.110516345356503e-07, 4.793693443921164e-07, -3.322923188283557e-06], [4.793693443921164e-07, 4.951136971664812e-06, -7.202621883242404e-06], [-3.322923188283556e-06, -7.202621883242404e-06, 2.9694831305924747e-05]], "min_gauss": 0.3585245823691142}}