{"low dens": {"parameters": [0.0913865974339036, 0.4276169369033727, 0.09108746107725636], "covariance": [[8.110516339838945e-07, 4.793693476074523e-07, -3.322923209962041e-06], [4.793693476074522e-07, 4.95113702991598e-06, -7.202621993707916e-06], [-3.3229232099620408e-06, -7.202621993707916e-06, 2.9694831737041454e-05]], "min_gauss": 0.3585245821647852, "max_gauss": 0.4967092916419602}, "high dens": {"parameters": [0.04913219126218123, 3.7752637221471694, 0.17542772826113923], "covariance": [[2.7091225809000156e-07, -1.0031942148060833e-07, -3.165370343761899e-06], [-1.0031942148060833e-07, 1.0869075126876017e-05, 3.689974323176321e-06], [-3.165370343761899e-06, 3.689974323176321e-06, 7.216961209969452e-05]], "min_gauss": 3.6421969455716017, "max_gauss": 3.908330498722737}}