{"high dens": {"max_gauss": 3.8942167225390807, "parameters": [0.054460128135106395, 3.7883993174003714, 0.13950369484926042], "covariance": [[4.412630270564301e-07, -2.537214491624364e-07, -3.950457672010384e-06], [-2.5372144916243645e-07, 1.024796936426568e-05, 7.232699653656964e-06], [-3.950457672010385e-06, 7.232699653656965e-06, 6.955971445632287e-05]], "min_gauss": 3.682581912261662}, "low dens": {"max_gauss": 0.5068127391552625, "parameters": [0.10032629747093999, 0.4409366899342514, 0.08684726540360715], "covariance": [[1.0865399038204525e-06, -7.120079957521468e-07, -5.1109841239923795e-06], [-7.120079957521474e-07, 6.883392735641822e-06, 1.2137955070512496e-05], [-5.1109841239923795e-06, 1.2137955070512496e-05, 5.225729899249032e-05]], "min_gauss": 0.3750606407132403}}