{"low dens": {"parameters": [0.10032629747093999, 0.4409366899342514, 0.08684726540360715], "covariance": [[1.0865399038204527e-06, -7.12007995752148e-07, -5.110984123992383e-06], [-7.120079957521482e-07, 6.883392735641827e-06, 1.2137955070512508e-05], [-5.110984123992383e-06, 1.2137955070512508e-05, 5.225729899249035e-05]], "min_gauss": 0.3750606407132403, "max_gauss": 0.5068127391552625}, "high dens": {"parameters": [0.054460128135106395, 3.7883993174003714, 0.13950369484926042], "covariance": [[4.4126302705643017e-07, -2.537214491624363e-07, -3.950457672010385e-06], [-2.5372144916243624e-07, 1.0247969364265681e-05, 7.232699653656955e-06], [-3.950457672010385e-06, 7.232699653656957e-06, 6.955971445632287e-05]], "min_gauss": 3.682581912261662, "max_gauss": 3.8942167225390807}}