{"high dens": {"max_gauss": 3.8772621198056347, "parameters": [0.053669407284223876, 3.7686109124356286, 0.14323961977785765], "covariance": [[5.1180530309635265e-08, 4.291019262079052e-09, -4.2033724476051015e-07], [4.291019262079052e-09, 1.0646866649637692e-06, -1.0981768936769784e-07], [-4.2033724476051015e-07, -1.0981768936769784e-07, 6.724972010453295e-06]], "min_gauss": 3.6599597050656225}, "low dens": {"max_gauss": 0.5366800211139396, "parameters": [0.1003921652002775, 0.45274246811541097, 0.11065853263506727], "covariance": [[1.986166560651068e-06, -1.6289842333799774e-06, -1.3010028814865057e-05], [-1.6289842333799767e-06, 2.1872967604302102e-05, 3.9677822502343814e-05], [-1.3010028814865057e-05, 3.9677822502343814e-05, 0.00018567922969562093]], "min_gauss": 0.3688049151168823}}