{"low dens": {"parameters": [0.1003921652002775, 0.45274246811541097, 0.11065853263506725], "covariance": [[1.986166560651069e-06, -1.6289842333799805e-06, -1.3010028814865057e-05], [-1.6289842333799805e-06, 2.187296760430211e-05, 3.967782250234384e-05], [-1.3010028814865057e-05, 3.967782250234385e-05, 0.00018567922969562096]], "min_gauss": 0.3688049151168823, "max_gauss": 0.5366800211139396}, "high dens": {"parameters": [0.053669407284223876, 3.7686109124356286, 0.14323961977785765], "covariance": [[5.118053030963532e-08, 4.291019262079052e-09, -4.2033724476051046e-07], [4.291019262079052e-09, 1.0646866649637685e-06, -1.098176893676971e-07], [-4.203372447605104e-07, -1.0981768936769709e-07, 6.724972010453295e-06]], "min_gauss": 3.6599597050656225, "max_gauss": 3.8772621198056347}}