{"low dens": {"parameters": [0.10341467889730815, 0.4098050413818032, 0.08223609109726779], "covariance": [[2.621599912966476e-06, 9.472065625222126e-07, -7.168150792438622e-06], [9.472065625222124e-07, 7.336002506349096e-06, -8.773662710502024e-06], [-7.168150792438622e-06, -8.773662710502024e-06, 4.0837592938113683e-05]], "min_gauss": 0.3474266952163732, "max_gauss": 0.47218338754723316}, "high dens": {"parameters": [0.05327913962137109, 3.754152407653788, 0.14748558710853174], "covariance": [[4.638193137198123e-08, -1.2444236588722327e-08, -4.1687996289199513e-07], [-1.244423658872233e-08, 1.1024782536831486e-06, 3.495090274716177e-07], [-4.1687996289199513e-07, 3.4950902747161765e-07, 7.292678179066796e-06]], "min_gauss": 3.6422805168049646, "max_gauss": 3.8660242985026114}}