{"high dens": {"max_gauss": 3.8660242985026114, "parameters": [0.05327913962137109, 3.754152407653788, 0.1474855871085317], "covariance": [[4.638193137198102e-08, -1.244423658872216e-08, -4.16879962891993e-07], [-1.2444236588722156e-08, 1.1024782536831423e-06, 3.495090274716138e-07], [-4.16879962891993e-07, 3.4950902747161384e-07, 7.292678179066756e-06]], "min_gauss": 3.6422805168049646}, "low dens": {"max_gauss": 0.47218338754723316, "parameters": [0.10341467889730815, 0.4098050413818032, 0.08223609109726779], "covariance": [[2.621599912966476e-06, 9.472065625222148e-07, -7.16815079243862e-06], [9.472065625222142e-07, 7.336002506349098e-06, -8.773662710502034e-06], [-7.16815079243862e-06, -8.773662710502034e-06, 4.083759293811368e-05]], "min_gauss": 0.3474266952163732}}