{"low dens": {"parameters": [0.1032026976120829, 0.42472751478897447, 0.08022332198347107], "covariance": [[1.048538921740402e-06, -1.7630907525185707e-07, -2.7194449049003867e-06], [-1.7630907525185707e-07, 2.0515535799339206e-06, 1.3775204499600463e-06], [-2.7194449049003867e-06, 1.3775204499600463e-06, 1.3599989297377527e-05]], "min_gauss": 0.3638759095818787, "max_gauss": 0.48557911999607023}, "high dens": {"parameters": [0.052208276912194485, 3.7624479060698093, 0.15532464840738838], "covariance": [[1.4982007973534667e-07, 8.279778145772484e-08, -1.5912649184749076e-06], [8.279778145772485e-08, 4.65181885168307e-06, -2.778637542818606e-06], [-1.591264918474908e-06, -2.778637542818606e-06, 3.2992061741804105e-05]], "min_gauss": 3.6446298707388256, "max_gauss": 3.880265941400793}}