{"high dens": {"max_gauss": 3.880265941400793, "parameters": [0.052208276912194485, 3.7624479060698093, 0.15532464840738835], "covariance": [[1.4982007973534665e-07, 8.279778145772465e-08, -1.5912649184749052e-06], [8.279778145772465e-08, 4.651818851683071e-06, -2.7786375428186023e-06], [-1.5912649184749052e-06, -2.7786375428186023e-06, 3.2992061741804024e-05]], "min_gauss": 3.6446298707388256}, "low dens": {"max_gauss": 0.48557911999607023, "parameters": [0.1032026976120829, 0.42472751478897447, 0.08022332198347107], "covariance": [[1.048538921740405e-06, -1.7630907525185728e-07, -2.7194449049003956e-06], [-1.7630907525185728e-07, 2.0515535799339223e-06, 1.3775204499600476e-06], [-2.7194449049003956e-06, 1.377520449960047e-06, 1.3599989297377567e-05]], "min_gauss": 0.3638759095818787}}