{"low dens": {"parameters": [0.036479633159588076, 0.772397781288645, 0.178859391642231], "covariance": [[2.3537207805634364e-07, -5.5927295314124855e-08, -3.919006250850718e-06], [-5.5927295314124855e-08, 1.804694426517385e-05, 2.9068886687827644e-06], [-3.919006250850718e-06, 2.9068886687827644e-06, 0.00012639789687710187]], "min_gauss": 0.6367279932681884, "max_gauss": 0.9080675693091016}, "high dens": {"parameters": [0.04364062733170279, 3.0926788988171987, 0.18008485991528264], "covariance": [[6.209850716470339e-08, -1.3982156280978324e-08, -8.813758363203303e-07], [-1.3982156280978324e-08, 3.4123730048397337e-06, 6.193082542322528e-07], [-8.813758363203303e-07, 6.193082542322528e-07, 2.4212556690638877e-05]], "min_gauss": 2.956079559268562, "max_gauss": 3.2292782383658354}}