{"low dens": {"parameters": [0.03831072887325605, 0.8349872305291085, 0.15325327853481224], "covariance": [[2.316747992905844e-07, -1.1264244191847398e-07, -3.231975425796718e-06], [-1.1264244191847395e-07, 1.2305440299804695e-05, 4.905770531532213e-06], [-3.2319754257967177e-06, 4.9057705315322124e-06, 8.740515971728708e-05]], "min_gauss": 0.7187403864503391, "max_gauss": 0.9512340746078779}, "high dens": {"parameters": [0.04004872864709829, 3.110887509493642, 0.2337359285122536], "covariance": [[6.789558702941894e-08, -5.381886215231503e-09, -1.3384974900929553e-06], [-5.3818862152315036e-09, 7.353787156709278e-06, 3.33161684249971e-07], [-1.3384974900929553e-06, 3.33161684249971e-07, 5.122261899285419e-05]], "min_gauss": 2.9335923527626337, "max_gauss": 3.28818266622465}}