{"low dens": {"parameters": [0.109017372807535, 0.41979331140700005, 0.07556640657982919], "covariance": [[8.632171783363856e-07, 3.714674764565274e-07, -2.5092356418270257e-06], [3.714674764565274e-07, 2.5321111584557904e-06, -3.769138856892426e-06], [-2.509235641827026e-06, -3.7691388568924267e-06, 1.5572676704934827e-05]], "min_gauss": 0.3624741051409958, "max_gauss": 0.4771125176730043}, "high dens": {"parameters": [0.05454363931426798, 3.768373481404507, 0.14824464903342996], "covariance": [[4.759014841969783e-08, 4.953528080958273e-09, -4.243404126360612e-07], [4.9535280809582735e-09, 1.082323299380771e-06, -1.371348184609116e-07], [-4.2434041263606114e-07, -1.371348184609116e-07, 7.329149458066996e-06]], "min_gauss": 3.655925821123054, "max_gauss": 3.88082114168596}}