{"high dens": {"max_gauss": 3.88082114168596, "parameters": [0.05454363931426798, 3.768373481404507, 0.14824464903342996], "covariance": [[4.759014841969779e-08, 4.953528080958305e-09, -4.243404126360609e-07], [4.953528080958305e-09, 1.0823232993807707e-06, -1.3713481846091202e-07], [-4.24340412636061e-07, -1.3713481846091202e-07, 7.329149458066996e-06]], "min_gauss": 3.655925821123054}, "low dens": {"max_gauss": 0.4771125176730043, "parameters": [0.109017372807535, 0.41979331140700005, 0.07556640657982919], "covariance": [[8.632171783363856e-07, 3.714674764565269e-07, -2.5092356418270286e-06], [3.714674764565269e-07, 2.532111158455788e-06, -3.7691388568924216e-06], [-2.509235641827028e-06, -3.7691388568924216e-06, 1.5572676704934834e-05]], "min_gauss": 0.3624741051409958}}