{"high dens": {"max_gauss": 3.1526581616170137, "parameters": [0.04773958581106238, 3.0441040389218976, 0.14311162882171594], "covariance": [[5.029460031806987e-07, 6.283163254808987e-07, -5.44542549174175e-06], [6.283163254808989e-07, 2.0607126708746425e-05, -2.3868949768466683e-05], [-5.44542549174175e-06, -2.3868949768466683e-05, 0.0001234380835572334]], "min_gauss": 2.9355499162267815}, "low dens": {"max_gauss": 0.8595968863409317, "parameters": [0.052877818293179064, 0.752954731083464, 0.1405909988588687], "covariance": [[1.8579435837003903e-07, -3.224430101029987e-08, -1.4678442713578752e-06], [-3.224430101029987e-08, 3.756513543507586e-06, 7.97706787143708e-07], [-1.4678442713578752e-06, 7.97706787143708e-07, 2.2706609348037837e-05]], "min_gauss": 0.6463125758259963}}