{"high dens": {"max_gauss": 3.259487119317988, "parameters": [0.04171743518293818, 3.125436002301331, 0.1767254271448126], "covariance": [[9.30149156601244e-08, 3.5771803022494056e-08, -1.3076463235590585e-06], [3.577180302249405e-08, 5.286000941257861e-06, -1.5787553435595188e-06], [-1.3076463235590585e-06, -1.5787553435595188e-06, 3.5782343877949225e-05]], "min_gauss": 2.9913848852846736}, "low dens": {"max_gauss": 1.0478095915972265, "parameters": [0.03366683872707241, 0.827105506166797, 0.2909638102116697], "covariance": [[2.852301894533347e-07, 5.437918446974912e-07, -1.1254858660827973e-05], [5.437918446974912e-07, 9.419885435300498e-05, -6.827882928673004e-05], [-1.1254858660827975e-05, -6.827882928673004e-05, 0.0008591260263032019]], "min_gauss": 0.6064014207363675}}