{"low dens": {"parameters": [0.0376292836486353, 0.8460514489409124, 0.3346936871856292], "covariance": [[3.4391522186928164e-07, -2.332046265910558e-06, -1.70630265726231e-05], [-2.332046265910558e-06, 0.00045450343402032644, 0.0008519244531039196], [-1.7063026572623095e-05, 0.0008519244531039196, 0.0027323335267582017]], "min_gauss": 0.5921770441621702, "max_gauss": 1.0999258537196548}, "high dens": {"parameters": [0.05451121205475892, 3.066690166344552, 0.13225829041569395], "covariance": [[8.194348657275078e-07, -3.3614058174268133e-07, -6.299795564613241e-06], [-3.3614058174268133e-07, 1.5201080475916877e-05, 8.166096306477337e-06], [-6.2997955646132415e-06, 8.166096306477337e-06, 9.521900504642045e-05]], "min_gauss": 2.966368600560982, "max_gauss": 3.1670117321281217}}