{"high dens": {"max_gauss": 3.1670117321281217, "parameters": [0.05451121205475892, 3.066690166344552, 0.13225829041569395], "covariance": [[8.194348657275077e-07, -3.361405817426812e-07, -6.29979556461324e-06], [-3.3614058174268117e-07, 1.5201080475916874e-05, 8.166096306477332e-06], [-6.299795564613239e-06, 8.166096306477334e-06, 9.52190050464204e-05]], "min_gauss": 2.966368600560982}, "low dens": {"max_gauss": 1.099925861166147, "parameters": [0.03762928361879023, 0.8460514515550839, 0.3346936935562883], "covariance": [[3.4391521760359926e-07, -2.332046243133418e-06, -1.7063026824318926e-05], [-2.3320462431334166e-06, 0.00045450349393089264, 0.0008519245746936969], [-1.7063026824318926e-05, 0.0008519245746936971, 0.0027323338334629033]], "min_gauss": 0.5921770419440207}}