{"low dens": {"parameters": [0.10659142241197929, 0.4107408085310495, 0.07695467864837517], "covariance": [[4.930872667898296e-07, 1.3788809896461608e-07, -1.0857644975180698e-06], [1.378880989646161e-07, 9.609227173452505e-07, -1.0049185248345275e-06], [-1.08576449751807e-06, -1.0049185248345277e-06, 4.932389247081736e-06]], "min_gauss": 0.35236855956191954, "max_gauss": 0.46911305750017945}, "high dens": {"parameters": [0.05556631758602003, 3.7573005281891283, 0.14288338810427592], "covariance": [[6.523588684349668e-08, 1.262467447397047e-08, -6.159472612147072e-07], [1.2624674473970473e-08, 1.4622669237763192e-06, -3.667897528663656e-07], [-6.159472612147072e-07, -3.6678975286636564e-07, 1.1157323572516666e-05]], "min_gauss": 3.6489195323813863, "max_gauss": 3.8656815239968703}}