{"high dens": {"max_gauss": 3.8656815239968703, "parameters": [0.05556631758602003, 3.7573005281891283, 0.14288338810427592], "covariance": [[6.523588684349664e-08, 1.262467447397058e-08, -6.159472612147067e-07], [1.2624674473970583e-08, 1.4622669237763196e-06, -3.667897528663678e-07], [-6.159472612147067e-07, -3.667897528663678e-07, 1.1157323572516659e-05]], "min_gauss": 3.6489195323813863}, "low dens": {"max_gauss": 0.46911305750017945, "parameters": [0.10659142241197929, 0.4107408085310495, 0.07695467864837517], "covariance": [[4.930872667898296e-07, 1.3788809896461608e-07, -1.0857644975180698e-06], [1.378880989646161e-07, 9.609227173452503e-07, -1.0049185248345273e-06], [-1.08576449751807e-06, -1.0049185248345277e-06, 4.932389247081736e-06]], "min_gauss": 0.35236855956191954}}