{"low dens": {"parameters": [0.10174586582410178, 0.41832938489441945, 0.08790053609867438], "covariance": [[3.1432683983405805e-07, 2.335903396913654e-08, -1.0813908022008404e-06], [2.335903396913654e-08, 8.149667536471291e-07, -2.3333487996438727e-07], [-1.0813908022008402e-06, -2.3333487996438722e-07, 6.945665135223436e-06]], "min_gauss": 0.351654400763612, "max_gauss": 0.4850043690252269}, "high dens": {"parameters": [0.05484243472289845, 3.7687365041207195, 0.13942426216544193], "covariance": [[2.0464912739050104e-07, 1.4395985957020778e-08, -1.522781350643087e-06], [1.4395985957020778e-08, 3.7095542473832144e-06, -3.348424775095343e-07], [-1.522781350643087e-06, -3.348424775095343e-07, 2.217910345104312e-05]], "min_gauss": 3.6629793508663293, "max_gauss": 3.8744936573751096}}