{"high dens": {"max_gauss": 3.8744936573751096, "parameters": [0.05484243472289845, 3.7687365041207195, 0.13942426216544193], "covariance": [[2.0464912739050101e-07, 1.439598595702064e-08, -1.522781350643087e-06], [1.439598595702064e-08, 3.7095542473832127e-06, -3.3484247750953186e-07], [-1.522781350643087e-06, -3.3484247750953186e-07, 2.2179103451043127e-05]], "min_gauss": 3.6629793508663293}, "low dens": {"max_gauss": 0.4850043690252269, "parameters": [0.10174586582410178, 0.41832938489441945, 0.08790053609867439], "covariance": [[3.1432683983406017e-07, 2.3359033969136874e-08, -1.0813908022008485e-06], [2.3359033969136874e-08, 8.149667536471351e-07, -2.333348799643903e-07], [-1.081390802200848e-06, -2.333348799643903e-07, 6.9456651352234936e-06]], "min_gauss": 0.351654400763612}}