{"high dens": {"max_gauss": 3.8829955402444654, "parameters": [0.05603018924065392, 3.7789154088817614, 0.13721337115062407], "covariance": [[1.7213766811228652e-07, 1.2180653671212772e-08, -1.4348297476896058e-06], [1.2180653671212773e-08, 3.2583423455435067e-06, -3.1281049982045085e-07], [-1.4348297476896058e-06, -3.1281049982045085e-07, 2.3041176634289987e-05]], "min_gauss": 3.6748352775190574}, "low dens": {"max_gauss": 0.4704513939126974, "parameters": [0.1088023265164108, 0.41634655485715555, 0.0713287662608855], "covariance": [[3.4072860441668695e-06, 3.2548741083522855e-07, -5.988764673901097e-06], [3.254874108352285e-07, 3.84468648588419e-06, -1.7294014312665229e-06], [-5.988764673901097e-06, -1.729401431266523e-06, 2.0581795223204074e-05]], "min_gauss": 0.3622417158016137}}