{"low dens": {"parameters": [0.1088023265164108, 0.41634655485715555, 0.0713287662608855], "covariance": [[3.407286044166872e-06, 3.254874108352305e-07, -5.988764673901103e-06], [3.254874108352305e-07, 3.844686485884188e-06, -1.729401431266529e-06], [-5.988764673901102e-06, -1.729401431266529e-06, 2.0581795223204084e-05]], "min_gauss": 0.3622417158016137, "max_gauss": 0.4704513939126974}, "high dens": {"parameters": [0.05603018924065392, 3.7789154088817614, 0.13721337115062404], "covariance": [[1.7213766811228657e-07, 1.2180653671212643e-08, -1.4348297476896045e-06], [1.2180653671212646e-08, 3.2583423455435076e-06, -3.128104998204499e-07], [-1.4348297476896045e-06, -3.1281049982044984e-07, 2.304117663428995e-05]], "min_gauss": 3.6748352775190574, "max_gauss": 3.8829955402444654}}