{"low dens": {"parameters": [0.10667562234535621, 0.4241928244854252, 0.0861242159423759], "covariance": [[3.18800400294906e-07, 5.13819469750092e-08, -7.250003530464018e-07], [5.138194697500921e-08, 5.997465707162674e-07, -3.649574040303721e-07], [-7.250003530464019e-07, -3.649574040303721e-07, 3.2652818856181326e-06]], "min_gauss": 0.35886522824881073, "max_gauss": 0.4895204207220397}, "high dens": {"parameters": [0.05300866478772988, 3.7663975830050735, 0.14861039834038167], "covariance": [[2.2964744488144177e-07, -1.1914517002776489e-07, -2.5405368549985656e-06], [-1.1914517002776491e-07, 6.815957334110322e-06, 4.11003542564382e-06], [-2.5405368549985656e-06, 4.11003542564382e-06, 5.424081609430021e-05]], "min_gauss": 3.6536724917736043, "max_gauss": 3.879122674236543}}