{"high dens": {"max_gauss": 3.879122674236543, "parameters": [0.05300866478772988, 3.7663975830050735, 0.1486103983403817], "covariance": [[2.296474448814415e-07, -1.1914517002776465e-07, -2.5405368549985626e-06], [-1.191451700277647e-07, 6.815957334110309e-06, 4.110035425643812e-06], [-2.540536854998563e-06, 4.110035425643812e-06, 5.424081609430015e-05]], "min_gauss": 3.6536724917736043}, "low dens": {"max_gauss": 0.4895204207220397, "parameters": [0.10667562234535621, 0.4241928244854252, 0.0861242159423759], "covariance": [[3.18800400294906e-07, 5.13819469750092e-08, -7.250003530464018e-07], [5.13819469750092e-08, 5.997465707162674e-07, -3.649574040303721e-07], [-7.250003530464018e-07, -3.649574040303721e-07, 3.2652818856181326e-06]], "min_gauss": 0.35886522824881073}}