{"low dens": {"parameters": [0.10004189629632343, 0.4480621746162631, 0.082072571439207], "covariance": [[7.301904211552217e-07, 3.8064662729080084e-08, -1.5484543762963944e-06], [3.806466272908008e-08, 1.22841824508685e-06, -2.467063962486582e-07], [-1.5484543762963942e-06, -2.4670639624865813e-07, 6.443358412781918e-06]], "min_gauss": 0.38580786262730316, "max_gauss": 0.510316486605223}, "high dens": {"parameters": [0.05353450167741396, 3.77650356729151, 0.15639030636079912], "covariance": [[7.51442218733787e-08, 1.581896650580497e-08, -6.747504079758362e-07], [1.5818966505804967e-08, 1.8934218415838053e-06, -4.4580154944802436e-07], [-6.747504079758362e-07, -4.4580154944802436e-07, 1.1846676887369646e-05]], "min_gauss": 3.657877200973186, "max_gauss": 3.895129933609834}}