{"high dens": {"max_gauss": 3.895129933609834, "parameters": [0.05353450167741396, 3.77650356729151, 0.15639030636079912], "covariance": [[7.51442218733787e-08, 1.5818966505804808e-08, -6.74750407975836e-07], [1.5818966505804808e-08, 1.8934218415838038e-06, -4.4580154944802144e-07], [-6.74750407975836e-07, -4.4580154944802144e-07, 1.1846676887369641e-05]], "min_gauss": 3.657877200973186}, "low dens": {"max_gauss": 0.510316486605223, "parameters": [0.10004189629632343, 0.4480621746162631, 0.082072571439207], "covariance": [[7.301904211552212e-07, 3.806466272908066e-08, -1.5484543762963929e-06], [3.806466272908066e-08, 1.2284182450868496e-06, -2.4670639624866057e-07], [-1.5484543762963929e-06, -2.4670639624866057e-07, 6.443358412781914e-06]], "min_gauss": 0.38580786262730316}}