{"high dens": {"max_gauss": 3.240035510318479, "parameters": [0.04755961280798403, 3.1008635728049536, 0.18347642788080526], "covariance": [[3.6699647910208714e-07, 2.663555479238117e-07, -5.027672410155252e-06], [2.663555479238117e-07, 1.9226254211581424e-05, -1.1626320285737843e-05], [-5.027672410155252e-06, -1.1626320285737843e-05, 0.0001349637799814679]], "min_gauss": 2.9616916352914284}, "low dens": {"max_gauss": 0.9529423596399498, "parameters": [0.04099501550361565, 0.8132896602706869, 0.1841102371783426], "covariance": [[1.7721959765367392e-07, -5.467813354407187e-08, -2.8531254226663625e-06], [-5.4678133544071875e-08, 1.1974453752665295e-05, 2.743836969303761e-06], [-2.8531254226663625e-06, 2.743836969303761e-06, 8.8670801232975e-05]], "min_gauss": 0.6736369609014241}}