{"low dens": {"parameters": [0.04099501550361565, 0.8132896602706869, 0.1841102371783426], "covariance": [[1.7721959765367403e-07, -5.46781335440721e-08, -2.853125422666364e-06], [-5.467813354407209e-08, 1.1974453752665295e-05, 2.743836969303758e-06], [-2.853125422666364e-06, 2.743836969303758e-06, 8.867080123297503e-05]], "min_gauss": 0.6736369609014241, "max_gauss": 0.9529423596399498}, "high dens": {"parameters": [0.04755961280798403, 3.1008635728049536, 0.18347642788080526], "covariance": [[3.6699647910208714e-07, 2.663555479238123e-07, -5.027672410155251e-06], [2.6635554792381225e-07, 1.9226254211581417e-05, -1.1626320285737858e-05], [-5.027672410155251e-06, -1.1626320285737858e-05, 0.0001349637799814679]], "min_gauss": 2.9616916352914284, "max_gauss": 3.240035510318479}}