{"low dens": {"parameters": [0.03673496542200481, 0.8615896976846774, 0.3070485310222584], "covariance": [[2.4665926293426695e-07, -3.88062008686224e-07, -9.413359652086073e-06], [-3.8806200868622393e-07, 7.476254121543785e-05, 4.6819004275720545e-05], [-9.413359652086071e-06, 4.6819004275720545e-05, 0.0006917865873380316]], "min_gauss": 0.6286849073166741, "max_gauss": 1.0944944880526806}, "high dens": {"parameters": [0.04937240198950115, 3.0787549593530943, 0.15551007287727517], "covariance": [[1.0040442048100093e-07, 8.074014575851688e-09, -9.62360082249464e-07], [8.074014575851688e-09, 2.889455644573683e-06, -2.421782386437848e-07], [-9.62360082249464e-07, -2.421782386437847e-07, 1.8010668840219996e-05]], "min_gauss": 2.960796274440936, "max_gauss": 3.1967136442652526}}