{"high dens": {"max_gauss": 3.1967136442652526, "parameters": [0.04937240198950115, 3.0787549593530943, 0.15551007287727517], "covariance": [[1.0040442048100091e-07, 8.074014575851698e-09, -9.623600822494643e-07], [8.074014575851698e-09, 2.889455644573682e-06, -2.4217823864378456e-07], [-9.623600822494643e-07, -2.4217823864378456e-07, 1.8010668840220003e-05]], "min_gauss": 2.960796274440936}, "low dens": {"max_gauss": 1.0944944880526806, "parameters": [0.03673496542200481, 0.8615896976846774, 0.3070485310222584], "covariance": [[2.466592629342671e-07, -3.8806200868622266e-07, -9.413359652086078e-06], [-3.8806200868622266e-07, 7.476254121543782e-05, 4.681900427572043e-05], [-9.413359652086078e-06, 4.681900427572043e-05, 0.0006917865873380318]], "min_gauss": 0.6286849073166741}}