{"low dens": {"parameters": [0.03575724073922048, 0.8579968749588949, 0.23180472893097764], "covariance": [[1.6411578979840562e-07, 1.9133412991104207e-07, -3.5267389117088415e-06], [1.91334129911042e-07, 2.3029468928930726e-05, -1.3244243756574152e-05], [-3.5267389117088415e-06, -1.3244243756574152e-05, 0.00014974480714608827]], "min_gauss": 0.6821665864431441, "max_gauss": 1.0338271634746456}, "high dens": {"parameters": [0.041133573262133974, 3.0948639156214623, 0.15864081032577704], "covariance": [[3.317437335847253e-07, 1.3743793849545138e-07, -4.036187068387621e-06], [1.3743793849545138e-07, 1.5071518723259188e-05, -5.26447032509079e-06], [-4.036187068387621e-06, -5.26447032509079e-06, 9.608633343876378e-05]], "min_gauss": 2.9745304798947947, "max_gauss": 3.21519735134813}}