{"high dens": {"max_gauss": 3.21519735134813, "parameters": [0.041133573262133974, 3.0948639156214623, 0.15864081032577704], "covariance": [[3.317437335847254e-07, 1.3743793849545168e-07, -4.0361870683876214e-06], [1.3743793849545162e-07, 1.5071518723259184e-05, -5.264470325090792e-06], [-4.0361870683876214e-06, -5.264470325090792e-06, 9.608633343876378e-05]], "min_gauss": 2.9745304798947947}, "low dens": {"max_gauss": 1.0338271634746456, "parameters": [0.03575724073922048, 0.8579968749588949, 0.23180472893097764], "covariance": [[1.6411578979840565e-07, 1.9133412991104132e-07, -3.526738911708842e-06], [1.9133412991104132e-07, 2.302946892893072e-05, -1.3244243756574135e-05], [-3.526738911708842e-06, -1.3244243756574135e-05, 0.0001497448071460883]], "min_gauss": 0.6821665864431441}}