{"low dens": {"parameters": [0.030518320579850527, 0.8116060311232765, 0.24415351147670555], "covariance": [[7.270151254612592e-08, 6.901587031932638e-08, -1.911615273900549e-06], [6.901587031932638e-08, 1.4890233806330726e-05, -5.773494723262683e-06], [-1.9116152739005496e-06, -5.773494723262685e-06, 9.851810281629917e-05]], "min_gauss": 0.6264088500171673, "max_gauss": 0.9968032122293856}, "high dens": {"parameters": [0.03891310577301949, 3.105977978299877, 0.2325344113995458], "covariance": [[2.2234480406774932e-07, -3.162602608410042e-07, -4.418042867056567e-06], [-3.1626026084100413e-07, 2.789993203629363e-05, 2.0637257634369987e-05], [-4.418042867056567e-06, 2.0637257634369987e-05, 0.0001756468483674737]], "min_gauss": 2.9295942054804818, "max_gauss": 3.282361751119272}}