{"high dens": {"max_gauss": 3.282361751119272, "parameters": [0.03891310577301949, 3.105977978299877, 0.2325344113995458], "covariance": [[2.2234480406774932e-07, -3.1626026084100423e-07, -4.418042867056567e-06], [-3.1626026084100423e-07, 2.7899932036293672e-05, 2.063725763437e-05], [-4.418042867056567e-06, 2.0637257634369997e-05, 0.00017564684836747377]], "min_gauss": 2.9295942054804818}, "low dens": {"max_gauss": 0.9968032122293856, "parameters": [0.030518320579850527, 0.8116060311232765, 0.24415351147670555], "covariance": [[7.270151254612591e-08, 6.901587031932629e-08, -1.911615273900549e-06], [6.90158703193263e-08, 1.4890233806330717e-05, -5.773494723262681e-06], [-1.911615273900549e-06, -5.773494723262681e-06, 9.851810281629914e-05]], "min_gauss": 0.6264088500171673}}