{"high dens": {"max_gauss": 3.2678298588589687, "parameters": [0.04566695312908186, 3.131792727397248, 0.17934367650319444], "covariance": [[1.6990240117585567e-07, -1.8587710569701785e-07, -2.6348659555290418e-06], [-1.8587710569701785e-07, 1.0740074989064143e-05, 9.338871668046668e-06], [-2.6348659555290418e-06, 9.338871668046665e-06, 8.067159547928134e-05]], "min_gauss": 2.9957555959355275}, "low dens": {"max_gauss": 0.9645176432557736, "parameters": [0.03685242075063276, 0.7951900941815265, 0.2232318842506281], "covariance": [[2.3303715488701206e-07, 7.087757412996641e-07, -6.14741558041779e-06], [7.087757412996641e-07, 5.026779611259605e-05, -6.888847518144945e-05], [-6.14741558041779e-06, -6.888847518144945e-05, 0.00034648763019223393]], "min_gauss": 0.6258625451072795}}