{"low dens": {"parameters": [0.04165911802616877, 0.8006426949670374, 0.15668583923112517], "covariance": [[3.165066654771631e-07, -1.5832099209058357e-08, -3.6737650141804454e-06], [-1.583209920905836e-08, 1.3122179263067807e-05, 5.743564674023212e-07], [-3.6737650141804454e-06, 5.743564674023212e-07, 8.313083874053545e-05]], "min_gauss": 0.6817921588050049, "max_gauss": 0.91949323112907}, "high dens": {"parameters": [0.045894130875420214, 3.088398993231542, 0.16371634946908167], "covariance": [[2.1647083124027826e-07, 1.9096443784338336e-07, -2.570199781201916e-06], [1.9096443784338339e-07, 9.684858932511605e-06, -7.38864772762804e-06], [-2.5701997812019165e-06, -7.38864772762804e-06, 6.092415607147236e-05]], "min_gauss": 2.9642156208963475, "max_gauss": 3.2125823655667367}}