{"high dens": {"max_gauss": 3.2125823655667367, "parameters": [0.045894130875420214, 3.088398993231542, 0.16371634946908162], "covariance": [[2.1647083124027816e-07, 1.9096443784338333e-07, -2.5701997812019122e-06], [1.9096443784338333e-07, 9.684858932511607e-06, -7.3886477276280375e-06], [-2.5701997812019122e-06, -7.3886477276280375e-06, 6.0924156071472235e-05]], "min_gauss": 2.9642156208963475}, "low dens": {"max_gauss": 0.91949323112907, "parameters": [0.04165911802616877, 0.8006426949670374, 0.1566858392311252], "covariance": [[3.16506665477163e-07, -1.583209920905765e-08, -3.673765014180448e-06], [-1.583209920905765e-08, 1.3122179263067825e-05, 5.743564674023034e-07], [-3.673765014180448e-06, 5.743564674023034e-07, 8.313083874053555e-05]], "min_gauss": 0.6817921588050049}}