{"low dens": {"parameters": [0.04405816687034718, 0.7276624508944485, 0.16020309216314207], "covariance": [[3.077648346525921e-06, -4.342485152866941e-06, -7.895455516595328e-05], [-4.342485152866939e-06, 0.0002758184446669724, 0.00034371128426662203], [-7.895455516595328e-05, 0.00034371128426662214, 0.0038381153937377976]], "min_gauss": 0.6061439812494732, "max_gauss": 0.8491809205394237}, "high dens": {"parameters": [0.04849434674864075, 2.770686656349121, 0.1486376950924764], "covariance": [[6.865178552991305e-06, -9.305108844606615e-07, -0.0001694704324026748], [-9.305108844606615e-07, 0.0004220898513306042, 6.613956275592247e-05], [-0.0001694704324026748, 6.613956275592247e-05, 0.0075799931856411346]], "min_gauss": 2.65794085977735, "max_gauss": 2.8834324529208915}}