{"high dens": {"max_gauss": 2.8834324529208915, "parameters": [0.04849434674864075, 2.770686656349121, 0.1486376950924764], "covariance": [[6.865178552991304e-06, -9.305108844606566e-07, -0.0001694704324026748], [-9.305108844606566e-07, 0.0004220898513306041, 6.613956275592233e-05], [-0.0001694704324026748, 6.613956275592233e-05, 0.0075799931856411346]], "min_gauss": 2.65794085977735}, "low dens": {"max_gauss": 0.8491809205394238, "parameters": [0.04405816687034717, 0.7276624508944486, 0.16020309216314213], "covariance": [[3.077648346525921e-06, -4.342485152867007e-06, -7.89545551659533e-05], [-4.342485152867007e-06, 0.00027581844466697376, 0.00034371128426662816], [-7.89545551659533e-05, 0.00034371128426662816, 0.0038381153937378045]], "min_gauss": 0.6061439812494733}}