{"high dens": {"max_gauss": 3.8968952880974435, "parameters": [0.053490282699041984, 3.773394887278558, 0.16281595836728505], "covariance": [[4.4180721264691705e-08, -1.1955017836150323e-08, -5.260956267195363e-07], [-1.1955017836150328e-08, 1.4745882635226993e-06, 4.3936669637664953e-07], [-5.260956267195362e-07, 4.3936669637664943e-07, 1.1994322512070771e-05]], "min_gauss": 3.6498944864596723}, "low dens": {"max_gauss": 0.4979244961915783, "parameters": [0.0960435603015957, 0.4374637348098217, 0.07970805554245075], "covariance": [[5.170345255977435e-07, 4.987675026857021e-08, -1.417865708759975e-06], [4.987675026857021e-08, 1.0761375286833363e-06, -4.0366598146702776e-07], [-1.417865708759975e-06, -4.0366598146702776e-07, 7.397196070459764e-06]], "min_gauss": 0.3770029734280651}}