{"low dens": {"parameters": [0.10477898726401917, 0.42186528334831863, 0.07312408552025881], "covariance": [[7.914531019520843e-07, -4.260227653031389e-08, -1.552910274396912e-06], [-4.260227653031389e-08, 1.0133826116350632e-06, 2.48657262120124e-07], [-1.552910274396912e-06, 2.4865726212012396e-07, 5.8768911543389795e-06]], "min_gauss": 0.36639864505421377, "max_gauss": 0.4773319216424235}, "high dens": {"parameters": [0.051331925529056056, 3.7648222017377537, 0.15269808968628373], "covariance": [[3.38972204943037e-08, -9.724767922551842e-09, -2.963794583105624e-07], [-9.72476792255184e-09, 8.625844493440373e-07, 2.685809162195904e-07], [-2.963794583105624e-07, 2.6858091621959046e-07, 5.100843094267303e-06]], "min_gauss": 3.6489964837329296, "max_gauss": 3.880647919742578}}