{"high dens": {"max_gauss": 3.880647919742578, "parameters": [0.051331925529056056, 3.7648222017377537, 0.15269808968628373], "covariance": [[3.389722049430372e-08, -9.724767922551784e-09, -2.9637945831056283e-07], [-9.724767922551782e-09, 8.625844493440362e-07, 2.6858091621958945e-07], [-2.9637945831056283e-07, 2.6858091621958945e-07, 5.1008430942673085e-06]], "min_gauss": 3.6489964837329296}, "low dens": {"max_gauss": 0.4773319216424235, "parameters": [0.10477898726401917, 0.42186528334831863, 0.07312408552025881], "covariance": [[7.914531019520849e-07, -4.2602276530313804e-08, -1.5529102743969145e-06], [-4.260227653031379e-08, 1.0133826116350621e-06, 2.4865726212012354e-07], [-1.5529102743969143e-06, 2.4865726212012354e-07, 5.876891154338988e-06]], "min_gauss": 0.36639864505421377}}