{"low dens": {"parameters": [0.03349470519667948, 1.050016898380507, 0.2876765791215671], "covariance": [[1.959365497008641e-07, -9.851532014323416e-07, -7.116864369780504e-06], [-9.851532014323416e-07, 8.800469916438644e-05, 0.00010303121113245218], [-7.116864369780504e-06, 0.00010303121113245218, 0.0005703633847764275]], "min_gauss": 0.8318062685135433, "max_gauss": 1.2682275282474704}, "high dens": {"parameters": [0.04565216140425828, 3.145107954101337, 0.1801189806291899], "covariance": [[1.323461971740034e-07, -4.601603207703514e-08, -1.5618154353006455e-06], [-4.601603207703513e-08, 6.010466433178953e-06, 1.7201265087554522e-06], [-1.5618154353006455e-06, 1.7201265087554522e-06, 3.625683163479322e-05]], "min_gauss": 3.0084827330489063, "max_gauss": 3.2817331751537675}}