{"high dens": {"max_gauss": 3.2817331751537675, "parameters": [0.04565216140425828, 3.145107954101337, 0.1801189806291899], "covariance": [[1.323461971740033e-07, -4.6016032077035314e-08, -1.5618154353006446e-06], [-4.601603207703532e-08, 6.010466433178951e-06, 1.7201265087554582e-06], [-1.5618154353006442e-06, 1.7201265087554582e-06, 3.62568316347932e-05]], "min_gauss": 3.0084827330489063}, "low dens": {"max_gauss": 1.2682275282474704, "parameters": [0.03349470519667948, 1.050016898380507, 0.287676579121567], "covariance": [[1.959365497008644e-07, -9.851532014323426e-07, -7.116864369780516e-06], [-9.851532014323422e-07, 8.800469916438635e-05, 0.00010303121113245212], [-7.116864369780516e-06, 0.00010303121113245212, 0.0005703633847764278]], "min_gauss": 0.8318062685135433}}