{"high dens": {"max_gauss": 3.240919910225748, "parameters": [0.044253097378370666, 3.106114459688951, 0.17771989788494524], "covariance": [[3.1597738721790897e-07, 9.879379888596158e-08, -4.256542451963064e-06], [9.879379888596159e-08, 1.620871487008079e-05, -4.168562558832702e-06], [-4.2565424519630635e-06, -4.168562558832701e-06, 0.00011138522169623001]], "min_gauss": 2.9713090091521543}, "low dens": {"max_gauss": 1.0423325618139967, "parameters": [0.04443831098031731, 0.9367053788204035, 0.13925291670882559], "covariance": [[8.41938846777277e-07, 2.3506182394266716e-07, -9.226834027059358e-06], [2.3506182394266716e-07, 2.7040925929393527e-05, -7.961841134297685e-06], [-9.226834027059358e-06, -7.961841134297685e-06, 0.00019497639921977282]], "min_gauss": 0.8310781958268104}}