{"low dens": {"parameters": [0.04443831098031731, 0.9367053788204035, 0.1392529167088256], "covariance": [[8.419388467772774e-07, 2.3506182394266615e-07, -9.226834027059368e-06], [2.3506182394266615e-07, 2.7040925929393504e-05, -7.96184113429767e-06], [-9.226834027059368e-06, -7.96184113429767e-06, 0.0001949763992197731]], "min_gauss": 0.8310781958268104, "max_gauss": 1.0423325618139967}, "high dens": {"parameters": [0.044253097378370666, 3.106114459688951, 0.17771989788494522], "covariance": [[3.1597738721790897e-07, 9.879379888596251e-08, -4.256542451963065e-06], [9.87937988859625e-08, 1.6208714870080793e-05, -4.168562558832727e-06], [-4.256542451963064e-06, -4.168562558832727e-06, 0.00011138522169623008]], "min_gauss": 2.9713090091521543, "max_gauss": 3.240919910225748}}